Codigo;Nombre;Costo;Precio;Cantidad;Lote;Vencimiento
7501159731133; DUREX CLASICO;59.71;80.00;12.00;-;-
U10; FRUTITAS DE GEL;4.23;5.08;0.00;-;-
7441001009051; PALITROKES DOS QUESOS;29.92;36.00;4.00;-;-
7441003584488; Power Azul;26.71;32.00;16.00;-;-
3L;3LECHE;80.00;100.00;0.00;-;-
7401005904035;7UP;16.56;22.00;13.00;-;-
7401005904127;7UP LIGHT;16.36;22.00;15.00;-;-
78742427867;ACEINTE DE OLIVA CLASSIC;105.00;135.00;0.00;-;-
R3;ACEITE DE OLIVA EXTRA VIRJEN;123.00;153.00;0.00;-;-
78742427782;ACEITE DE OLIVAS EXTRA VIGEN 250ML;138.00;168.00;0.00;-;-
7401005913563;ADRENALINA MANGO SALVAJE;50.17;65.00;23.00;-;-
7401005907753;ADRENALINA PEQUEŃA;46.16;55.00;24.00;-;-
A03;AGUA DE 2;1.00;2.00;0.00;-;-
AG4;AGUA DE 3;2.00;3.00;2.00;-;-
75040765;ALKA AZUL;5.57;10.00;2.00;-;-
75040772;ALKA DE MIEL;5.64;10.00;15.00;-;-
75040789;ALKA ROJO;6.33;10.00;1.00;-;-
A10;ALMENDRA BOLSITA;7.00;10.00;1.00;-;-
A02;ALMENDRA BOLSITAS;6.25;10.00;0.00;-;-
7441005710823;ALMENDRA CON SAL;109.66;130.00;14.00;-;-
RY;ALMENDRA ENCHOCOLATADA DE BOLSITA;5.00;10.00;0.00;-;-
7452017666268;ALOE VERA DE LATA;27.80;33.00;38.00;-;-
24000501565;ALOE VERA ORIGINAL 1.5L;106.66;130.00;1.00;-;-
7452017665940;ALOE VERA SIN AZUCAR;55.81;68.00;28.00;-;-
7452017665957;ALOE VERA SIN AZUCAR 1500ML;106.66;130.00;9.00;-;-
7421601105858;AMP;21.81;26.00;34.00;-;-
7401005980879;AMP GRANDE GRIS;21.83;26.00;46.00;-;-
7421601106206;AMP PUEQUEŃO;16.60;20.00;0.00;-;-
7401005913389;AMP SALMON;21.81;26.00;38.00;-;-
1;ANGELITOS GRANDES;8.20;10.00;0.00;-;-
750894606627;ANILLITOS DE BARBACOA FAMILIAR;22.50;27.00;18.00;-;-
L;ANILLOS  DE LUCE;6.00;10.00;0.00;-;-
7401005910524;APM ROJO;21.70;26.00;19.00;-;-
7401005988592;AQUA ECO 750ML;11.91;15.00;1.00;-;-
AR;ARANDANOS DE BOLSITA;7.00;10.00;23.00;-;-
755111185060;ARTESANA ORIGINAL PEQUEŃA;22.84;26.00;25.00;-;-
803275300895;AVENA QUAKER;6.00;8.00;0.00;-;-
7441163412225;AVENA TOSH;14.00;17.00;15.00;-;-
748757000934;Acifrutas Fresa;4.16;6.00;10.00;-;-
748757001207;Acifrutas Uva;4.16;6.00;18.00;-;-
7401005988561;Adrenalina Grande;50.23;65.00;2.00;-;-
7431001864002;Agua De Bolsa;3.00;5.00;257.00;-;-
7431001804282;Agua Fuente Pura 1 Galon;36.56;45.00;22.00;-;-
748757000378;Alboroto Familiar;28.00;35.00;13.00;-;-
748757002273;Alborotos;3.33;5.00;13.00;-;-
75040758;Alka Negro;5.57;10.00;3.00;-;-
24000501534;Aloe Vera Granadina;56.39;68.00;3.00;-;-
24000501558;Aloe Vera Original;55.70;68.00;0.00;-;-
7441003590816;Alpina 2L;28.65;35.00;37.00;-;-
7441003590465;Alpina 600mL;16.72;20.00;24.00;-;-
7441003590533;Alpina De 1L;20.15;25.00;16.00;-;-
760203005393;Angelitos;1.10;2.00;0.00;-;-
750894607563;Anillitos Papa Barbacoa;3.33;5.00;0.00;-;-
7622300280376;Aveny Bran;17.00;20.00;0.00;-;-
7802408002753;BACHATA;10.50;16.00;0.00;-;-
BAN01;BANDEJA DE BOLLO DE COCO VARIADOS;50.00;65.00;0.00;-;-
7441001053221;BARQUILLO CHOCOLATE 145G;61.24;70.00;1.00;-;-
7406234007311;BARQUILLO PIAZZA FRESA;15.36;20.00;5.00;-;-
7441001000041;BARQUILLO VAINILLA;23.92;30.00;1.00;-;-
7441001000881;BARQUILLOS CHOCOLATE 65G;28.57;34.00;2.00;-;-
7441001000058;BARQUILLOS VETEADOS;34.61;42.00;4.00;-;-
7431001000561;BARRA DE AJONJOLI;7.16;15.00;18.00;-;-
7431001000530;BARRA DE MANI;7.10;15.00;6.00;-;-
6975846950847;BARRILES DEL CHAVO;6.10;10.00;4.00;-;-
QW;BARRILETES;1.55;2.00;67.00;-;-
6929309991465;BASTON DE GOMITAS;5.94;10.00;42.00;-;-
7441005020328;BATERIA ACALINA AAA POR UNIDAD;27.41;33.00;0.00;-;-
7441005020106;BATERIA ALCALINA AA POR UNIDAD;28.63;35.00;2.00;-;-
7453010005191;BATERIA DATACEL DOBLE A;16.00;40.00;0.00;-;-
7453010005184;BATERIA DATACELL;17.00;40.00;1.00;-;-
7441005013313;BATERIA DE CARBON AA POR UNIDAD;13.19;16.00;0.00;-;-
7441005014419;BATERIA DE CARBON AAA POR UNIDAD;13.19;16.00;12.00;-;-
6934219701431;BATERIA ENERGY DOBLE A;13.00;20.00;0.00;-;-
783094003125;BATERIA RAYOVAC AA EL PAR;23.33;30.00;2.00;-;-
783094003033;BATERIA RAYOVAC POR UNIDAD;14.00;18.00;0.00;-;-
6934219701424;BATERIA TRIPE A;13.00;20.00;0.00;-;-
783094003132;BATERIA TRIPLEA EN PAR;24.50;30.00;4.00;-;-
T15;BATERILLON  DE TACO;20.00;30.00;0.00;-;-
TO;BATERILLON PANASONIC EN PAR;46.00;55.00;3.00;-;-
7401005988134;BE LIGHT;25.00;30.00;0.00;-;-
756956004004;BEST;4.00;6.00;9.00;-;-
756956004226;BETS CHOCOLATE OSCURO;4.90;6.00;26.00;-;-
7702993035115;BIANCHI BARRA  DE CHOCOLATE;9.54;12.00;0.00;-;-
7702993038239;BIANCHI CARAMELO Y MANI;28.22;34.00;0.00;-;-
7702993038246;BIANCHI CREMA Y GALLETA;28.22;34.00;0.00;-;-
7702993035153;BIANCHI DE BARRA CHOCO BLANCO;9.54;12.00;0.00;-;-
7445072001860;BICOLA DE 2L;28.33;34.00;18.00;-;-
7445072006742;BICOLA MAZANA;8.33;10.00;49.00;-;-
7445072000443;BICOLA NARANJA;8.33;10.00;0.00;-;-
7445072001822;BICOLA NEGRA DE 2L;28.33;34.00;11.00;-;-
7445072002324;BICOLA TORONJA;8.33;10.00;76.00;-;-
7445072002256;BIG ROJA 1L;16.65;20.00;17.00;-;-
7445072001167;BIG UVA;8.33;10.00;35.00;-;-
7441029523614;BIMBO PAN BLANCO;66.70;80.00;0.00;-;-
7441029518603;BIMBOJALDRES DE CHOCOLATE;22.50;27.00;2.00;-;-
7441029518627;BIMBOJALDRES DE DULCE DE LECHE;22.50;27.00;9.00;-;-
8856232523655;BISCUIT;5.00;10.00;18.00;-;-
756971006045;BLUE BLAST ACIDO;1.80;5.00;0.00;-;-
6957342992293;BOLAS DE GALLETA CUBIRTA DE CHOCOLATE;7.82;10.00;81.00;-;-
BOLL;BOLLO DE COCO;5.00;7.00;0.00;-;-
7401176600507;BOLOLO;12.50;15.00;1.00;-;-
2;BOLSA DE HIELO  3X UN PESO;0.69;1.00;12.00;-;-
CAR;BOLSITA DE CARAMELO ROSADOS Y BLANCO;604.00;10.00;0.00;-;-
N5;BOMBOM COLOMBINA;2.31;3.00;71.00;-;-
T87;BON BON AMERICANDY;3.69;5.00;0.00;-;-
75046910;BON O BOM NEGRO;5.60;8.00;54.00;-;-
75027988;BON O BON BLANCO;5.63;8.00;21.00;-;-
G32;BOTELLITA CRESEDORA;4.50;10.00;11.00;-;-
6929309257943;BOTELLITAS DE CHISPAS DE CHOCOLATE;7.92;10.00;18.00;-;-
603554060645;BOTELLITAS DE SODA CARAMELO;5.14;10.00;27.00;-;-
756956003557;BOTONETAS CON MANI;2.00;4.00;8.00;-;-
74323011616;BUBULUBU CHOCOLATE;4.60;6.00;20.00;-;-
F82;BURBUJA;13.00;25.00;6.00;-;-
7441029517149;Barritas De Fresa;19.17;23.00;6.00;-;-
7441029517002;Barritas De Pińa;19.17;23.00;16.00;-;-
854929006557;Belts;5.46;10.00;53.00;-;-
7445072000474;Big Cola 1L;16.66;20.00;13.00;-;-
7445072002942;Big Cola Pequeńa Amarilla;8.33;10.00;63.00;-;-
7445072000283;Big Cola Pequeńa Negra;8.33;10.00;81.00;-;-
7445072000436;Big Cola Pequeńa Roja;8.33;10.00;55.00;-;-
7445072003178;Big Cola Pequńa Verde;8.33;10.00;74.00;-;-
74000517;Bimbolete Vainilla;19.99;24.00;7.00;-;-
B02;Boligoma Negro;3.75;5.00;40.00;-;-
7412200700704;Bolygoma;3.75;5.00;0.00;-;-
B01;Bombom Colombia;2.70;3.00;0.00;-;-
75027971;Bon O Bon Arcor Amar;6.22;8.00;1.00;-;-
7502230950153;Bon O Bon Barra;7.90;10.00;2.00;-;-
756956003564;Botonetas;2.30;4.00;0.00;-;-
7406234005720;Bridge Fresa;6.00;7.00;1.00;-;-
7406234005744;Bridge Naranja;6.00;7.00;0.00;-;-
7406234005713;Bridge Vainilla;6.00;7.00;1.00;-;-
705805201323;CACAO GRANDE;39.17;47.00;4.00;-;-
705805201309;CACAO PEQUEŃO;28.32;35.00;3.00;-;-
CA01;CAFE EXPRESO 6Oz;15.00;25.00;13.00;-;-
PR01;CAFE PRESTO UNIDAD;2.37;3.00;104.00;-;-
CAJETE;CAJETA;0.80;1.00;86.00;-;-
705805033160;CAJETA DE LECHE;20.84;25.00;1.00;-;-
7406007082217;CAJETOSA;4.28;6.00;0.00;-;-
7411204803817;CALIFORNIA DE FRESA;24.56;30.00;30.00;-;-
7411204803916;CALIFORNIA DE PIŃA COCO;24.28;30.00;21.00;-;-
24474006290;CAMPESTRE 355ML;11.59;15.00;0.00;-;-
677585004299;CAMPESTRE 500ML;16.80;25.00;32.00;-;-
7441003504127;CANA DRY  Chobi;12.92;17.00;1.00;-;-
753081008556;CANCAN EXTRA;5.83;7.00;1.00;-;-
748757004956;CANDY MAIZ;3.33;5.00;22.00;-;-
74000593;CANELITAS;12.50;15.00;3.00;-;-
750894603824;CAPPY FAMILIAR QUESO INTENSO;19.49;27.00;44.00;-;-
750894607129;CAPPY Familiar;16.68;27.00;20.00;-;-
750894606689;CAPY GORDITO AMARILLO;3.33;6.00;3.00;-;-
750894607495;CAPY TORNITO;3.33;5.00;3.00;-;-
FL1;CARAMELO  FLAUTA;6.10;10.00;0.00;-;-
CR;CARAMELO  OSITO SALTARIN;7.07;10.00;22.00;-;-
V01;CARAMELO ABANICO VOLADOR;4.65;10.00;0.00;-;-
6929309256137;CARAMELO AMBURGUESA;5.52;10.00;11.00;-;-
CT;CARAMELO AVION JET;6.46;10.00;22.00;-;-
C30;CARAMELO BARCO;5.60;10.00;23.00;-;-
J45;CARAMELO BATE DE BASEBALL;5.25;10.00;17.00;-;-
WE;CARAMELO BIANCHI;0.83;1.00;136.00;-;-
F54;CARAMELO BOTELLA;6.00;10.00;0.00;-;-
F85;CARAMELO CARRITO JEPP;5.87;10.00;11.00;-;-
T78;CARAMELO CARRO SOBRE DE ALUMINIO;5.77;10.00;9.00;-;-
6929309991014;CARAMELO CONEJO;5.22;10.00;1.00;-;-
A30;CARAMELO DE ARCO;5.00;10.00;0.00;-;-
P75;CARAMELO DE BOTELLA ACIDA;6.19;10.00;25.00;-;-
B05;CARAMELO DE BOTELLITAS DE CHISPAS DE CHOCOLATE;7.50;10.00;0.00;-;-
C78;CARAMELO DE CAFE;0.63;1.00;7.00;-;-
RT7;CARAMELO DE CAFE BLANDO;1.49;2.00;145.00;-;-
C40;CARAMELO DE CANGREJO;7.03;10.00;19.00;-;-
C10;CARAMELO DE CARRITOS DE COLOR GRIS ABAJO;6.60;10.00;23.00;-;-
T39;CARAMELO DE CARRO GLOBO;6.01;10.00;24.00;-;-
C24;CARAMELO DE CARROS;6.24;10.00;45.00;-;-
6957342998486;CARAMELO DE LATITA;5.61;10.00;0.00;-;-
748757001153;CARAMELO DE LECHE MAX;42.00;50.00;27.00;-;-
T09;CARAMELO DE MANI, AJONJOLI Y GARRAPIŃADO;7.00;10.00;7.00;-;-
P01;CARAMELO DE PAYASO;5.33;10.00;0.00;-;-
6973105610044;CARAMELO DIENTES LABIOS;5.30;10.00;0.00;-;-
6929309258384;CARAMELO DINOSARIO;5.34;10.00;2.00;-;-
F45;CARAMELO GIRA TRONPO CANDY;6.10;10.00;23.00;-;-
L25;CARAMELO GUITARRA;6.92;10.00;32.00;-;-
U45;CARAMELO HERRAMIENTAS;6.25;10.00;61.00;-;-
H30;CARAMELO HUEVO DINO SORPESA;2.20;5.00;7.00;-;-
H02;CARAMELO HUEVO TRANSPARENTE;5.90;10.00;92.00;-;-
CA27;CARAMELO JUGETES DE PLAYA;5.24;10.00;37.00;-;-
L02;CARAMELO LABIAL;5.33;10.00;0.00;-;-
E12;CARAMELO LANZA PELOTA;6.92;10.00;31.00;-;-
8842952200181;CARAMELO LATITA DE GASEOSA;5.50;10.00;0.00;-;-
CA25;CARAMELO MARIPOSA CHICHILES;6.75;10.00;18.00;-;-
CM;CARAMELO MENTA HELADA;0.63;1.00;240.00;-;-
R43;CARAMELO MENTA XTIME;0.70;1.00;55.00;-;-
6970035900108;CARAMELO MUŃEQUITAS;5.30;10.00;0.00;-;-
C41;CARAMELO PALETA MALBABISCO;6.60;10.00;0.00;-;-
P20;CARAMELO PISTOLA;6.10;10.00;0.00;-;-
Y4;CARAMELO RELOJ;6.34;10.00;22.00;-;-
T08;CARAMELO TRASNFORME;5.30;10.00;0.00;-;-
R78;CARAMELO UNICORNIO;6.94;10.00;34.00;-;-
C31;CARMELO DE AVION;6.10;10.00;15.00;-;-
CY;CARMELO PISTOLA DE FLECHA;6.10;10.00;1.00;-;-
6929309990598;CARRO SORPRESA CON CHOBENS;6.10;10.00;18.00;-;-
748757007568;CENTAVITOS MAX;8.33;10.00;0.00;-;-
748757006448;CENTAVITOS MAX;8.33;10.00;3.00;-;-
99176314301;CEPILLO CLASICO;15.00;18.00;0.00;-;-
3014260833176;CEPILLO ORAL B;19.74;24.00;10.00;-;-
748757000545;CEREZA GRANDE;16.99;20.00;38.00;-;-
7406007005551;CERIAL BANINOS;3.92;6.00;29.00;-;-
7406007005438;CERIAL CHOCO CHIWI;4.27;6.00;37.00;-;-
7406007082873;CERIAL COCA FLAKES;3.92;6.00;2.00;-;-
7501058617446;CERIAL CORN FLAKES;68.00;88.00;1.00;-;-
7406007082866;CERIAL FROSTED;3.95;6.00;14.00;-;-
803275000719;CERIAL FRUTY OHS;72.00;96.00;0.00;-;-
7406007080732;CERIAL GRAN DIA PAQUETE DE 3;94.19;120.00;3.00;-;-
7613287662231;CERIAL NESQUIK;110.00;130.00;0.00;-;-
803275000726;CERIAL STARS;76.00;96.00;0.00;-;-
7441078221356;CERIAL SULI;63.00;83.00;0.00;-;-
7501065922243;CHAMPOO DE BOLSITA ROSADA;10.80;12.00;6.00;-;-
7702993031704;CHAO DE FRESA;3.18;5.00;60.00;-;-
7431002100079;CHAO MEIN;24.00;29.00;0.00;-;-
7702993018972;CHAO MENTA;3.18;5.00;114.00;-;-
7702993025987;CHAO MENTA LIMON;3.18;5.00;104.00;-;-
756956004073;CHAPETIN;4.05;6.00;4.00;-;-
748757000460;CHICHARRONES;28.00;35.00;9.00;-;-
750894601059;CHICHARRONES AUNTENTICO FAMILIAR;51.12;60.00;13.00;-;-
750894606962;CHICHARRONES PICOSITOS;8.33;10.00;3.00;-;-
750894601196;CHICHARRONES PICOSITOS FAMILIAR;51.10;60.00;14.00;-;-
T43;CHICHLE CANICAS;0.89;2.00;173.00;-;-
G52;CHICLE CANELS;1.00;2.00;0.00;-;-
18804700583;CHICLE CANESL GRANDE;6.50;10.00;23.00;-;-
C00;CHICLE EMOTI;1.68;3.00;99.00;-;-
R45;CHICLE SQUIZ;1.23;2.00;243.00;-;-
TU;CHICLES DE PELOTA DE OJO;1.46;2.00;0.00;-;-
7441163410757;CHIKY CHIP;12.00;14.00;11.00;-;-
86581110871;CHIKY FRESA;6.83;8.00;26.00;-;-
7441163405258;CHIKY GIRO;7.33;9.00;34.00;-;-
86581110857;CHIKY VAINILLA;6.83;8.00;34.00;-;-
CHI;CHILERO DE 100;80.00;100.00;1.00;-;-
CH3;CHILERO DE 25;20.00;25.00;1.00;-;-
CHI2;CHILERO DE 30;25.00;30.00;0.00;-;-
CH2;CHILERO DE 50;40.00;50.00;0.00;-;-
7441003545229;CHOBI FRESCA;13.39;17.00;9.00;-;-
7406007091851;CHOBIX BARBACOA;3.41;6.00;15.00;-;-
7406007091844;CHOBIX CON CHILE;3.30;6.00;17.00;-;-
753081008631;CHOCA WOW CHISPAS;10.83;13.00;1.00;-;-
760203008226;CHOCALE;9.86;13.00;12.00;-;-
760203011639;CHOCHO MANCHAS;8.45;10.00;0.00;-;-
803275000689;CHOCO BLAST;72.00;96.00;0.00;-;-
TY;CHOCO CRUNCH CARRITO;2.20;5.00;98.00;-;-
603554069013;CHOCO GALLETIN;8.30;10.00;0.00;-;-
753081008617;CHOCO WOW;6.71;8.00;0.00;-;-
753081008655;CHOCO WOW WAFFLE;5.60;7.00;1.00;-;-
V25;CHOCOLATE AMALDINA;2.35;4.00;0.00;-;-
CH04;CHOCOLATE BOLSITAS;7.00;10.00;0.00;-;-
CI;CHOCOLATE CORAZON;2.50;4.00;1.00;-;-
75024635;CHOCOLATE CREMINO;4.69;7.00;5.00;-;-
R48;CHOCOLATE ESI Y MISRA;2.35;4.00;0.00;-;-
CH01;CHOCOLATE SNEAKER;48.00;50.00;0.00;-;-
T10;CHOCOLATE TRUFFLE;2.45;4.00;43.00;-;-
7893630211723;CHOCOLITA GRANDE;16.66;22.00;0.00;-;-
7893630211747;CHOCOLITA GRANDE DE FRESA;18.20;22.00;20.00;-;-
7893630211716;CHOCOLITA PEQUEŃA CHOCOLATE;10.38;17.00;1.00;-;-
7893630211730;CHOCOLITA PEQUEŃA DE FRESA;10.72;17.00;14.00;-;-
8820339081899;CHUPETA DE BOTELLITAS;6.00;10.00;17.00;-;-
7431002100109;CHURRITOS DEL VERDE PEQUEŃO;4.62;7.00;15.00;-;-
748757006462;CHURRITOS MAX;8.33;10.00;8.00;-;-
748757003799;CHURRITOS PEQUEŃO;3.30;5.00;5.00;-;-
7431002100093;CHURRITOS PICOSITOS VERDE;18.50;23.00;8.00;-;-
CH02;CHURROS BOLSON;40.00;60.00;7.00;-;-
CH03;CHURROS DE BOLSITA;5.30;10.00;5.00;-;-
7445072003000;CIFRUT;8.33;10.00;77.00;-;-
7445072002966;CIFRUT NARANJA 1L;16.66;20.00;2.00;-;-
7445072003734;CIFRUT NARANJA 2L;28.33;34.00;11.00;-;-
7445072005622;CIFRUT SANDIA 1L;16.66;20.00;18.00;-;-
7445072004502;CIFRUT SANDIA 2L;28.33;34.00;0.00;-;-
B10;CIGARRO BELMON DOBLE CLIC POR UNIDAD;6.51;8.00;112.00;-;-
74209446;CIGARRO BELMONT DOBLE CLIK 1/2 PAQUETE;65.20;70.00;37.00;-;-
74208739;CIGARRO BELMONT ROJO 1/2 PAQUETE;65.20;70.00;4.00;-;-
74208753;CIGARRO BELMONT SUAVE 1/2 PAQUETE;65.20;70.00;36.00;-;-
B04;CIGARRO BELMONT SUAVE POR UNIDAD;6.51;8.00;35.00;-;-
B03;CIGARRO BELMOT ROJO POR UNIDAD;6.51;8.00;62.00;-;-
D20;CIGARRO DUNHILL POR UNIDAD;7.57;9.00;2.00;-;-
S2;CIGARRO ELEFANTE POR UNIDAD;1.10;2.00;117.00;-;-
6901028200493;CIGARRO ELPHANT;22.00;27.00;0.00;-;-
74310746;CIGARRO LYM 1/2 PAQUETE;42.80;50.00;23.00;-;-
C06;CIGARRO LYM POR UNIDAD;4.28;6.00;9.00;-;-
MAR;CIGARRO MARSHAL UNIDA;1.40;2.00;0.00;-;-
6901028345217;CIGARRO MODERN PAQUETE;0.00;35.00;85.00;-;-
C01;CIGARRO MODERN POR UNIDAD;1.35;2.00;1482.00;-;-
7421000598299;CIGARRO PALL MALL AZUL POR 1/2 PAQUETE;64.16;70.00;33.00;-;-
C04;CIGARRO PALL MALL AZUL POR UNIDAD;6.41;8.00;105.00;-;-
74210329;CIGARRO PALL MALL ROJO 1/2;58.75;68.00;23.00;-;-
7421000598312;CIGARRO PALL MALL VERDE MENTA 1/2 PAQUETE;64.17;70.00;29.00;-;-
C03;CIGARRO PALL MALL VERDE MENTA POR UNIDAD;6.41;8.00;7.00;-;-
C35;CIGARRO PALL ROJO UNIDAD;5.87;8.00;30.00;-;-
C02;CIGARRO POR 1/2 PAQUETE MODERN;14.50;18.00;188.00;-;-
74200658;CIGARRO WINDSOR;151.04;167.00;3.00;-;-
W01;CIGARRO WINDSOR UNUDAD;5.36;7.00;3.00;-;-
CIRUELA;CIRUELA BOLSITA;8.00;10.00;4.00;-;-
75020460;CLOREST  AZUL;1.30;3.00;29.00;-;-
7622210451835;CLORETS GRANDE;9.75;13.00;3.00;-;-
86581012502;CLUB EXTRA;4.58;6.00;26.00;-;-
7750168001687;CLUB SOCIAL INTEGRAL;6.33;7.00;122.00;-;-
Y52;COCO DE BOLSITA;5.00;10.00;5.00;-;-
6929309258186;COLA LATA;5.54;10.00;1.00;-;-
735051016730;COLADO DE MANZANA;19.16;23.00;1.00;-;-
735051016747;COLADO DE PERA;19.16;23.00;2.00;-;-
735051016877;COLADO DE POSTRE DE FRUTAS;19.16;23.00;0.00;-;-
CO1;CONFLAKE DE BOLSITA;7.00;10.00;1.00;-;-
756956222262;CONITO;24.52;30.00;1.00;-;-
7406007080282;CORN FLAKE 18G;3.95;6.00;10.00;-;-
7406007080213;CORN FLAKES 180G;21.97;30.00;7.00;-;-
7406007082729;CORN FLAKES GRANDE;70.45;95.00;13.00;-;-
COYO;COYOLITO;0.80;1.00;0.00;-;-
705805011892;CREMA ACIDA;32.50;40.00;2.00;-;-
7441163410733;CREMAS DARK;6.25;8.00;47.00;-;-
797936001200;CREMAS DE CHOCOLATE;4.16;5.00;2.00;-;-
797936001194;CREMAS DE FRESA;4.16;5.00;0.00;-;-
797936200139;CREMAS VAINILLA;4.16;5.00;12.00;-;-
CA03;Cafeexpresso 8oz;20.00;30.00;5.00;-;-
7441003571235;Canada Dry;19.32;25.00;47.00;-;-
7441003570238;Canada Dry Soda;19.30;25.00;34.00;-;-
750894612697;Cappy;4.16;6.00;22.00;-;-
CA02;Capuchino 6oz;20.00;30.00;1.00;-;-
CA04;Capuchino 8oz;25.00;35.00;5.00;-;-
A01;Caramelo De AntifaZ;5.33;10.00;0.00;-;-
D01;Caramelo De Dientes Buck Candy Teeth;5.33;10.00;0.00;-;-
748757005960;Caramelo De Leche;6.17;8.00;20.00;-;-
748757001641;Caramelo De Menta;4.10;6.00;7.00;-;-
L01;Caramelo Finger Lollipop;5.33;10.00;0.00;-;-
C14;Caramelo Frutal Y Delicias;0.70;1.00;0.00;-;-
748757006806;Centavitos  Max;6.60;10.00;0.00;-;-
748757001238;Centavitos Familiar;28.00;35.00;2.00;-;-
748757003546;Centavitos Pequeńo;3.30;5.00;8.00;-;-
7406007082491;Cereal Choco Mix;4.10;6.00;26.00;-;-
7406007082842;Cereal Corn Flakes;4.04;6.00;28.00;-;-
7406007082859;Cereal Dulciaritos;3.95;6.00;21.00;-;-
748757005892;Cereza;3.33;5.00;18.00;-;-
7441107100706;Chicharrones;5.00;10.00;0.00;-;-
750894606955;Chicharrones Cafe;8.33;10.00;2.00;-;-
6929309254133;Chicle Tatuaje;1.40;2.00;35.00;-;-
C05;Chicle Tumix Canela Y Menta;1.00;2.00;359.00;-;-
C12;Chiclines Surtidos;0.65;1.00;2103.00;-;-
7622300268633;Chips Ahoy;19.25;23.00;34.00;-;-
C15;Choco Bolas;0.80;1.00;0.00;-;-
7441029502107;Choco Chispas;9.55;13.00;20.00;-;-
753081008839;Choco Mad;7.00;9.00;0.00;-;-
3424005;ChocolHersheys Milk;45.71;55.00;0.00;-;-
C17;Chocolate Conito;2.20;3.00;0.00;-;-
F16;Chocolate Fondante;2.35;4.00;11.00;-;-
3423909;Chocolate Hersheys Blanco;45.71;55.00;1.00;-;-
CH05;Chocolate Kiss Brillante;1.97;3.00;0.00;-;-
748757000088;Churrito Familiar;28.00;35.00;9.00;-;-
748757005885;Churritos;2.50;4.00;0.00;-;-
75019907;Clorets 2s Yerbabuen;1.33;3.00;28.00;-;-
753081008921;Club Max;5.76;7.00;76.00;-;-
7590011205158;Club Social;4.64;6.00;48.00;-;-
7441003518230;Coca Cola 0;19.33;25.00;0.00;-;-
7441003500204;Coca Cola 12oz;10.25;16.00;23.00;-;-
7441003500433;Coca Cola 500mL;18.45;25.00;32.00;-;-
7441003500006;Coca Cola 6oz;5.99;10.00;3.00;-;-
7441003596122;Coca Cola Chobi;13.34;17.00;36.00;-;-
7441003500532;Coca Cola De 1L;33.44;40.00;10.00;-;-
7441003500815;Coca Cola De 2L;46.72;57.00;9.00;-;-
7441003500150;Coca Cola De 3L;62.00;70.00;13.00;-;-
7441003500235;Coca Cola Lata;19.33;25.00;31.00;-;-
755111731038;Coctel;3.33;4.00;0.00;-;-
7509546000985;Crema Dental Triple A75m;32.00;36.00;0.00;-;-
7432002301299;D FRUTA MANZANA;42.32;53.00;9.00;-;-
7432002301282;D FRUTA NARANJA 3L;42.32;53.00;5.00;-;-
7432002301305;D FRUTA SANDIA 3L;42.32;53.00;5.00;-;-
7432002301312;D FRUTA TE DE LIMON 3L;44.00;55.00;8.00;-;-
7432002300322;D Fruta Manzana  355ml;7.97;10.00;5.00;-;-
7432002300339;D Fruta Naranja 355ml;7.97;10.00;15.00;-;-
7432002300346;D Fruta Sandia 355ml;7.97;10.00;8.00;-;-
7432002300377;D Fruta Te De Limon 355ml;9.56;12.00;30.00;-;-
7802408005716;DATE DATE;6.00;10.00;0.00;-;-
7406189002959;DE LA GRANJA 500ML;28.57;35.00;28.00;-;-
7406189005431;DEL MONTE JUGO DE ARANDANO 1L;70.64;85.00;0.00;-;-
6957342990404;DENTADURAS;4.22;10.00;1.00;-;-
7702010470189;DESOHODORANTE BOLSITA VARON;8.00;10.00;1.00;-;-
7702010470448;DESOHODORANTE DE BOSITA MUJER;8.60;10.00;0.00;-;-
8858954208636;DINO CRESE EN AGUA;7.93;10.00;3.00;-;-
7802408003644;DOBLE CHORLITO;7.37;10.00;3.00;-;-
8801038514932;DORCO MUJER;16.00;25.00;0.00;-;-
8801038562421;DORCO VARON;16.00;25.00;1.00;-;-
78954731;DUCREM;1.80;3.00;4.00;-;-
74210299;DUNHIL  DOBLE CLIK;75.80;80.00;11.00;-;-
74210282;DUNHILL CLICK 1/2 PAQUETE;75.80;80.00;19.00;-;-
5052197036312;DUREX CLIMAX MUTUO;97.61;118.00;13.00;-;-
7501159033565;DUREX MAXIMO PLACER;79.00;90.00;3.00;-;-
7501159033312;DUREX PLACER PROLONGADO;82.00;98.00;9.00;-;-
5052197008371;DUREX SORPRESA Y PLACER;82.19;98.00;15.00;-;-
7406189008555;De La Granja 1000mL;40.95;47.00;25.00;-;-
7421650103010;De La Granja 270mL;17.65;20.00;27.00;-;-
7502268547608;ELECTROLIT FRESA;87.19;100.00;9.00;-;-
7502268547387;ELECTROLIT FRESA KIWI;88.75;100.00;8.00;-;-
7501125168383;ELECTROLIT MANZANA;80.25;100.00;7.00;-;-
7502268547370;ELECTROLIT MORA AZUL;87.26;100.00;5.00;-;-
7502247330887;ELITE TOALLA DE COSINA;42.00;45.00;0.00;-;-
748757001580;ELOTITOS FAMILIAR;28.00;35.00;14.00;-;-
748757004406;ELOTITOS PEQUEŃO;3.33;5.00;18.00;-;-
748757007421;ELOTITOS VALIENTES;4.16;5.00;0.00;-;-
7434001332298;EMPANADITAS;30.00;40.00;9.00;-;-
7416502200528;ENCANTO 1000 HOJA;25.18;28.00;29.00;-;-
677585003179;ENSA 1.75L;37.70;45.00;17.00;-;-
7401005980138;ENSA DE LATA;22.79;29.00;29.00;-;-
677585008174;ENSA DE TOROJA;15.31;25.00;20.00;-;-
E15;ENSA DE VIDRIO;10.77;15.00;59.00;-;-
677585003292;ENSA TOROJA 1.25ML;29.93;35.00;8.00;-;-
677585005265;ENSA TORONJA 1L;20.89;30.00;0.00;-;-
677585008136;ENSA TORONJA 2L;35.00;42.00;0.00;-;-
677585008020;ENSA TORONJA PEQUEŃA;12.41;15.00;7.00;-;-
E01;ENSENDEDOR;6.59;10.00;41.00;-;-
E25;ENSENDEDOR BIC;24.36;28.00;15.00;-;-
T48;ENSENDEDOR BIG GRANDE;29.91;33.00;0.00;-;-
7401145500357;ENSENDEDOR FRAGATA;13.75;18.00;15.00;-;-
KL;ENSENDEDOR FRAGATA PEQUEŃO;10.23;13.00;9.00;-;-
7502268547332;Electrolit Jamaica;83.44;100.00;14.00;-;-
7502268547349;Electrolit Lima Limon;79.08;100.00;9.00;-;-
7502268547400;Electrolit Naranja Mandarina;88.24;100.00;8.00;-;-
7502268547356;Electrolit Uva;85.74;100.00;11.00;-;-
677585003025;Ensa BLANCA 500ML;18.50;25.00;29.00;-;-
7441003520431;FANTA NARANJA 1/2 LITRO;18.47;25.00;5.00;-;-
7441003522176;FANTA ROJA 1.25L;32.00;39.00;8.00;-;-
7441003522237;FANTA ROJA DE LATA;19.33;25.00;20.00;-;-
748757007520;FAVORI MIX PICANTE;6.65;10.00;0.00;-;-
748757008312;FAVORI MIX QUESO;8.33;10.00;0.00;-;-
7501058643513;FITNESS;264.64;320.00;1.00;-;-
Y5;FOCOS;14.00;25.00;1.00;-;-
7896058258172;FORMIS CHOCOLATE;13.33;16.00;6.00;-;-
7896058258226;FORMIS CHOCOLATE PEQUEŃA;6.37;8.00;16.00;-;-
7896058258189;FORMIS FRESA;13.33;16.00;0.00;-;-
F01;FOSFORO;1.48;2.00;1.00;-;-
7441003545175;FRESCA 1.25;31.92;39.00;11.00;-;-
7441003545236;FRESCA DE LATA;19.33;25.00;24.00;-;-
660756046716;FRIJOLI CHILE;4.16;5.00;1.00;-;-
660756042596;FRIJOLI CHIP;4.16;6.00;0.00;-;-
660756012445;FRIJOLITO CHIPS FAMILIAR;26.80;35.00;7.00;-;-
660756042602;FRIJOLITO CON CHILE;4.16;6.00;10.00;-;-
F05;FRITOS SURTIDOS;3.91;5.00;85.00;-;-
F30;FRUTAS;3.20;5.00;1.00;-;-
PO;FRUTAS GRANDE;4.42;7.00;34.00;-;-
7432002300889;FUENTE PURA 1L;18.62;25.00;42.00;-;-
7431001800116;FUENTE PURA 600ML;15.62;20.00;44.00;-;-
7431001830533;FUENTE PURA LITRO 1/2;22.11;30.00;30.00;-;-
7441003596979;FUZE TEA;18.38;22.00;29.00;-;-
5310501;FX OMMILIFE;27.91;45.00;35.00;-;-
7441003522152;Fanta De 3L;60.78;70.00;8.00;-;-
7441003520172;Fanta Naranja 1.25L;31.92;39.00;8.00;-;-
FN;Fanta Naranja 12oz;10.25;16.00;10.00;-;-
7441003596214;Fanta Naranja Chobi;13.22;17.00;16.00;-;-
7441003520813;Fanta Naranja De 2L;46.46;57.00;11.00;-;-
7441003520158;Fanta Naranja De 3L;60.25;70.00;13.00;-;-
7441003520233;Fanta Naranja De Lata;19.33;25.00;19.00;-;-
7441003520202;Fanta Roja 12oz;10.25;16.00;6.00;-;-
7441003522435;Fanta Roja 500mL;18.46;25.00;13.00;-;-
7441003520004;Fanta Roja 6oz;5.92;10.00;29.00;-;-
7441003596900;Fanta Roja Chobi;13.36;17.00;19.00;-;-
7441003522817;Fanta Roja De 2L;45.75;57.00;11.00;-;-
748757004451;Favori Mix;6.60;10.00;0.00;-;-
7441003545434;Fresca 500mL;18.46;25.00;14.00;-;-
7441003545151;Fresca De 3L;61.00;70.00;12.00;-;-
815154022828;Fury;24.16;30.00;20.00;-;-
755111685133;GALLETA ARTESANA DE COCO;65.08;70.00;28.00;-;-
755111685140;GALLETA ARTESANA DE NARANJA;66.06;70.00;29.00;-;-
755111685126;GALLETA ARTESANA ORIGINAL;64.82;70.00;33.00;-;-
755111185077;GALLETA ARTESANA PEQUEŃA NARANJA;23.08;26.00;68.00;-;-
86581017828;GALLETA CANASTA;5.83;7.00;24.00;-;-
7702007064490;GALLETA CHOYS WAFER;8.92;10.00;2.00;-;-
E02;GALLETA EXPLORER;5.75;10.00;2.00;-;-
7441029508109;GALLETA PRINCIPE AZUL;13.33;16.00;11.00;-;-
658480001248;GALLETA SALMAS HORNEADA;6.56;10.00;13.00;-;-
7401176600279;GALLETA TIKOTIN;2.50;5.00;0.00;-;-
G02;GARBANSO;50.00;70.00;0.00;-;-
7411204806849;GATORADE  MANGO VERDE;27.00;35.00;0.00;-;-
36731001818;GATORADE LILA 600ML;28.93;37.00;3.00;-;-
36731001849;GATORADE LIMON 600ML;29.15;37.00;2.00;-;-
36731001825;GATORADE NARANJA 600ML;29.15;37.00;0.00;-;-
J03;GELATINA DE ESTRELLA;2.60;4.00;0.00;-;-
705805031852;GELATINA DE FRESA;11.66;16.00;12.00;-;-
7441163701435;GELATINA JELLY ANARNJADO;9.00;13.00;0.00;-;-
7441163701411;GELATINA JELLY MORADA;9.00;13.00;0.00;-;-
7441163701404;GELATINA JELLY ROSADA;9.00;13.00;0.00;-;-
7441163701428;GELATINA JELLY VERDE;9.00;13.00;0.00;-;-
J04;GELATINA MINI;1.00;2.00;0.00;-;-
705805031883;GELATINA MNZANA;9.77;14.00;0.00;-;-
705805031869;GELATINA NARANJA;11.66;16.00;1.00;-;-
705805031876;GELATINA UVA;11.66;16.00;4.00;-;-
U5;GELATINA YAYO;3.61;5.00;30.00;-;-
748757001191;GOMA PINO;24.00;28.00;56.00;-;-
760203011240;GOMAS DE BANANA;33.10;40.00;6.00;-;-
760203011394;GOMAS DE PINGUINO;33.10;40.00;11.00;-;-
760203011387;GOMAS DE PULPO;33.01;40.00;9.00;-;-
760203011349;GOMAS DE TIBURONES;33.10;40.00;13.00;-;-
760203011356;GOMAS GAJOS;31.62;40.00;1.00;-;-
7896058506105;GOMETS FRUTAS;6.50;10.00;3.00;-;-
6929309258360;GOMITAS OJITOS MOUSTER;6.19;10.00;21.00;-;-
7702007048209;GRAN NUTS ARANDANOS;19.16;25.00;0.00;-;-
7702007057584;GRAN NUTS BBQ MIX;19.16;25.00;1.00;-;-
7702007051407;GRAN NUTS MAIZ CON CHILE;19.16;25.00;0.00;-;-
7702007048162;GRAN NUTS MANI Y PASA;19.16;25.00;0.00;-;-
7702007052602;GRAN NUTS PARTY MIX;19.16;25.00;0.00;-;-
R15;GRANOLA  De Bolsa MORADA;65.00;100.00;11.00;-;-
G01;GRANOLA DE BOLSITA;6.50;10.00;4.00;-;-
R16;GRANOLA De Bolsa   ROJA;105.00;140.00;5.00;-;-
7441112170022;GRISMELOS;33.20;38.00;20.00;-;-
660756050683;GUSTITO SALSA Y QUESO;2.49;4.00;1.00;-;-
660756051109;GUSTITO SUPER CHURRO;2.49;4.00;3.00;-;-
86581110888;Galleta Chiky;7.01;9.00;40.00;-;-
7802408006775;Galleta Doble Chir Lito;7.00;10.00;0.00;-;-
86581017316;Galleta Mantequilla;6.66;8.00;53.00;-;-
7441029503074;Galleta Maria;20.83;25.00;2.00;-;-
7500810004739;Galleta Pinwino;11.66;14.00;4.00;-;-
7622300116521;Galleta Ritz Salada;5.40;7.00;94.00;-;-
753081009102;Galleta Zafary;4.50;6.00;63.00;-;-
24474006818;Gatorade Azul;28.75;37.00;23.00;-;-
36731039453;Gatorade De Limon;28.94;37.00;26.00;-;-
36731039460;Gatorade Naranja;29.08;37.00;61.00;-;-
36731039477;Gatorade Rojo;29.14;37.00;18.00;-;-
36731039484;Gatorade Uva;28.93;37.00;43.00;-;-
G11;Goma Pino;2.20;3.00;1.00;-;-
757528028541;Gomita Dientes;24.16;29.00;12.00;-;-
748757000576;Gomitas;16.99;20.00;42.00;-;-
R18;Granola Metalica Morada;80.00;120.00;0.00;-;-
R17;Granona Metalica Roja;117.00;160.00;0.00;-;-
7622210427076;HALLS AZUL;9.00;13.00;1.00;-;-
7622201776459;HALLS LIMON Y MIEL;8.95;15.00;12.00;-;-
7622210427137;HALLS MORADO;10.99;15.00;28.00;-;-
7622210427045;HALLS ROJO;10.94;15.00;24.00;-;-
7702133815782;HALS VERDE;9.00;13.00;2.00;-;-
7506195142073;HEAD Y SHOLDERS CONTRON COMEZON;8.10;10.00;12.00;-;-
S;HEAD Y SHOULDERS CREMA ACEITE COCO;5.63;8.00;23.00;-;-
H;HEAD Y SHOULDERS SHAMPOO CON CAFEINA;5.63;8.00;24.00;-;-
7590002008904;HEAD Y SHOULDERS SUAVE Y MANEJABLE;5.63;8.00;11.00;-;-
HS;HEAD YSHOULDER SHAMPOO MANZANA;5.63;8.00;23.00;-;-
34000702343;HERSHEYS DE ALMENDRA;44.94;55.00;32.00;-;-
34000702152;HERSHEYS GALLETA Y CREMA GRANDE;44.94;55.00;0.00;-;-
34000249862;HERSHEYS MILK CHOCOLATE GRANDE;44.94;55.00;1.00;-;-
H01;HERSHEYS PEQUEŃO;7.50;12.00;0.00;-;-
RT;HERSHEYS PEQUEŃO;12.07;16.00;6.00;-;-
7441001700026;HIC FRUTA;16.02;19.00;26.00;-;-
7441003503762;HIC TE DE LIMON 2L;41.00;49.00;8.00;-;-
7441003505087;HIC TE LIMON BOTELLA;14.15;18.00;31.00;-;-
T85;HISOPO DE MADERA;3.30;10.00;1.00;-;-
7434001332267;HOJALDRAS;30.00;40.00;80.00;-;-
7434001332281;HOJALDRITAS;30.00;40.00;46.00;-;-
HUEV01;HUEVO CHIMBO 3X20;15.00;20.00;3.00;-;-
6970328410901;HUEVO DE BUHO;4.60;10.00;0.00;-;-
KP;HUEVO DE DINOSAURIO GRANDE;47.72;55.00;7.00;-;-
603554060966;HUEVO DE MONEDAS;120.00;145.00;0.00;-;-
6929309255697;HUEVO DE PRISESA;7.27;10.00;12.00;-;-
6929309256809;HUEVO OMONG;6.60;10.00;7.00;-;-
6929309256823;HUEVO TOCA LIFE;6.61;10.00;2.00;-;-
6970926430219;HUEVOS LUCHA LIBRE;5.60;10.00;6.00;-;-
6929309990697;HUVO DE TIBURON;6.76;10.00;0.00;-;-
3424102;Hersheys Almonds;45.71;55.00;0.00;-;-
7441001700040;Hi-C Mazana;16.76;19.00;44.00;-;-
7441001700057;Hi-C Pera;16.39;19.00;30.00;-;-
7441001781223;Hi-C Te De Limon;20.95;25.00;50.00;-;-
7441001700033;Hi-C Uva;16.60;19.00;16.00;-;-
7412200704009;Huevito Mani;5.00;6.00;1.00;-;-
6929309912835;Huevo Sorpresa;5.20;7.00;0.00;-;-
750894680092;ISIMA CAMARON SIM CHILE;22.15;27.00;5.00;-;-
750894680672;ISIMA DE POLLO CON CHILE;22.77;27.00;7.00;-;-
750894680689;ISSIMA DE CAMORONES;21.75;27.00;20.00;-;-
750894680078;ISSIMA DE POLLO;22.74;27.00;8.00;-;-
748757004833;JALAPEŃOS;5.00;6.00;7.00;-;-
7441041002258;JALEA DE GUAYABA;15.05;18.00;5.00;-;-
7432000613417;JALEA DE GUAYABA GRANDE;39.51;48.00;0.00;-;-
7432000613424;JALEA DE GUAYABA PEQUEŃA;18.92;22.00;0.00;-;-
764009004574;JET GRANDE;20.78;26.00;28.00;-;-
748757000200;Jalapeńos Familiar;28.00;35.00;8.00;-;-
748757006325;Jalapeńos Max;8.26;10.00;0.00;-;-
748757005731;Jalapeńos Pequeńo;3.60;6.00;0.00;-;-
88313313048;KERNS FRUTA MIXTA;13.58;18.00;29.00;-;-
88313010442;KERNS MANZANA;13.58;18.00;22.00;-;-
88313010626;KERNS PERA;13.86;18.00;30.00;-;-
88313010718;KERNS PIŃA;13.67;18.00;23.00;-;-
739337205269;KILATE;4.98;7.00;3.00;-;-
637364104404;KOLA SHALER 2L;51.62;60.00;0.00;-;-
637364104459;KOLA SHALER 3L;68.10;75.00;2.00;-;-
748757008770;KORT CHIPS  FAMILIAR CON QUESO;28.00;35.00;5.00;-;-
748757008787;KORT CHIPS FAMILIAR CON CHILE;28.00;35.00;3.00;-;-
7441008164821;KOTEX ESENCIAL CON ALAS;23.64;30.00;3.00;-;-
7441008164326;KOTEX ESENCIAL SIN ALAS;25.00;30.00;0.00;-;-
7441008142485;KOTEX MANZANILLA CON ALAS;31.71;38.00;4.00;-;-
7441008142539;KOTEX MANZANILLA SIN ALAS;33.11;40.00;5.00;-;-
7441008154198;KOTEX NOCTURNA CON ALA;48.80;52.00;7.00;-;-
7441008158196;KOTEX NOCTURNA SIN ALAS;46.00;50.00;0.00;-;-
7702425631397;KOTEX PROTECTOR CUIDADO DIARIO;22.48;27.00;0.00;-;-
7441029522419;KRONK FRESA;8.33;10.00;6.00;-;-
7441029522396;KRONK MANI;8.33;10.00;3.00;-;-
7441029522402;KRONK VAINILLA;8.30;10.00;0.00;-;-
637364101205;Kola Shaler 354mL;20.15;25.00;35.00;-;-
637364104701;Kola Shaler 473mL;24.49;30.00;20.00;-;-
6970790823087;LABIAL DE PRINSESA;5.30;10.00;0.00;-;-
6929309258070;LABIAL GRANDE;5.91;10.00;2.00;-;-
7893630210160;LALA 1por Ciento;48.10;52.00;6.00;-;-
7893630210139;LALA 3%;50.80;55.00;11.00;-;-
7893630210191;LALA DESLACTOSADA;48.10;52.00;6.00;-;-
789363809337;LECHE DE BOLSA ESKIMO;16.67;22.00;18.00;-;-
J20;LECHE DE BURRA;0.62;1.00;110.00;-;-
7893630210078;LECHE DE CAJA CHOCOLATE;12.74;18.00;23.00;-;-
7893630210085;LECHE DE CAJA FRESA;12.93;18.00;13.00;-;-
789363809375;LECHE DESCREMADA;43.92;50.00;7.00;-;-
789363809009;LECHE DESLACTOSADA;43.12;50.00;0.00;-;-
LE01;LENTEJAS;50.00;70.00;0.00;-;-
7401005910173;LIPTON;26.37;32.00;20.00;-;-
6914849040155;LUCHY CUP;8.33;11.00;2.00;-;-
7893630210153;Lala Semi Descremada;41.66;50.00;6.00;-;-
7893630210061;Leche De Caja Vainilla;14.20;18.00;13.00;-;-
789363809313;Leche En Bolsa;16.67;22.00;3.00;-;-
789363809276;Leche Entera Fresa;43.83;50.00;3.00;-;-
789363809283;Leche Semi Descremada;44.78;52.00;6.00;-;-
748757005304;MAIZ CHINO PICANTE;3.33;5.00;6.00;-;-
MA2;MALVORO DOBLE CLIK UNIDAD;6.19;8.00;69.00;-;-
M02;MALVORO POR ROJO UNIDAD;4.46;6.00;27.00;-;-
9011025;MALVORO ROJO 1/2;53.10;70.00;2.00;-;-
9012024;MALVORO SUAVE 1/2;59.22;70.00;41.00;-;-
M20;MALVORO SUAVE POR UNIDAD;4.46;6.00;80.00;-;-
74310326;MALVORODOBLE CLIK;59.29;70.00;34.00;-;-
7441005702873;MANI CON CHILE GRANDE;18.58;22.00;32.00;-;-
7441005703054;MANI CON LIMON;18.58;22.00;0.00;-;-
748757009449;MANI CON LIMON GRANDE DIANA;17.99;22.00;19.00;-;-
748757009432;MANI CON SAL GRANDE DIANA;17.99;22.00;22.00;-;-
M16;MANI DE BOLSITA;6.00;10.00;0.00;-;-
M01;MANI DE CARAMELO BOLSITA;3.10;10.00;0.00;-;-
750894671281;MANI DE MILE DE ABEJA;15.00;18.00;1.00;-;-
7441005702255;MANI GARRAPIŃADO GRANDE;18.57;22.00;1.00;-;-
7441005712698;MANI JAPONES CON LIMON;32.79;38.00;6.00;-;-
748757009463;MANI JAPONES DIANA;17.47;22.00;24.00;-;-
7441005712704;MANI JAPONES JALAPEŃO;32.79;38.00;5.00;-;-
750894671175;MANI OMEGAMIX;5.83;7.00;1.00;-;-
750894671298;MANI PARTY MIX;4.99;7.00;10.00;-;-
750894671304;MANI PARTY MIX CRANDE;20.83;25.00;3.00;-;-
7441005702231;MANI SALADO;18.58;22.00;11.00;-;-
7441005711776;MANI SALADO PEQUEŃO;4.15;6.00;21.00;-;-
81537200828;MARAINERO CON CHILE;18.04;22.00;20.00;-;-
MA1;MARAŃON BOLSITA;7.00;10.00;58.00;-;-
81537200811;MARINERO SIN CHILE;18.04;22.00;34.00;-;-
74310302;MARLBORO BLUE ICE;44.60;50.00;5.00;-;-
6901028205863;MARSHAL POR PAQUETE;28.00;34.00;0.00;-;-
760203000022;MARSHMALLOWS GRANDE;21.70;26.00;3.00;-;-
7411000208199;MAYONESA 50G;14.96;18.00;3.00;-;-
660756040172;MEGA FRIJOLITO;8.35;10.00;2.00;-;-
660756013589;MEGA GUSTITO;8.35;10.00;0.00;-;-
660756013886;MEGA PAPASITA;8.35;10.00;0.00;-;-
660756013862;MEGA PIZZA;8.35;10.00;1.00;-;-
660756013831;MEGA QUESITRIX;8.35;10.00;2.00;-;-
7441001021251;MENEITO CLASICO 56G;28.79;35.00;13.00;-;-
7441001021145;MENEITOS CLASICOS;54.18;60.00;0.00;-;-
756956003571;MENTA;3.20;5.00;2.00;-;-
7441041002869;MERMELADA DE GUAYABA;24.70;30.00;6.00;-;-
7441041002975;MERMELADA DE PIŃA;24.70;30.00;4.00;-;-
7432002303200;MI CAFE;4.40;6.00;0.00;-;-
7441029500240;MILPA REAL TORTILLA TOSTADA;37.50;45.00;0.00;-;-
732748018435;MINI BENY BOMBON;3.60;6.00;11.00;-;-
6929309256168;MINI BUBBLE CUM;7.96;10.00;22.00;-;-
677585004053;MIRINDA 500ML;14.99;20.00;20.00;-;-
H41;MONEDAS DE HUEVO;1.00;2.00;9.00;-;-
M03;MONEDAS NUSITAS;2.28;3.00;0.00;-;-
7411000210116;MOSTAZA PREPARADA 100G;14.13;18.00;12.00;-;-
70847019862;MOSTER AZUL SIN ASUCAR;57.20;70.00;17.00;-;-
70847033967;MOSTER MANGO LOCO;56.31;70.00;16.00;-;-
7441029521559;MR BROWN MINI CHOCOLATE;10.00;12.00;0.00;-;-
7441029521566;MR BROWN MINI RELLENO DE DULCE DE LECHE;10.00;12.00;0.00;-;-
7441029507355;MR. BROWN CHOCOLATE;18.33;22.00;2.00;-;-
7441029507348;MR. BROWN DULCE DE LECHE;18.33;22.00;4.00;-;-
748757000125;Maiz Chino Familiar  Picante;28.00;35.00;13.00;-;-
7441005711783;Mani Con Chile;4.15;6.00;5.00;-;-
7441005711813;Mani Con Limon;4.15;6.00;33.00;-;-
748757006295;Mani Con Limon DE DIANA;4.10;6.00;9.00;-;-
748757006301;Mani Con Sal;4.10;6.00;14.00;-;-
750894671007;Mani De Limon Yummi;14.54;20.00;0.00;-;-
7441005711820;Mani Garrapińado;4.16;6.00;1.00;-;-
750894671168;Mani Jaoones Yummi;18.33;22.00;13.00;-;-
705805031623;Mantequilla;38.23;20.00;0.00;-;-
70847019800;Moster;56.63;70.00;17.00;-;-
7501030424345;Multigrano Nuez;16.66;20.00;20.00;-;-
748757000224;NACHOS FAMILIAR;28.00;35.00;8.00;-;-
748757006318;NACHOS MAX;8.33;10.00;8.00;-;-
748757004871;NACHOS PEQUQŃO;5.00;6.00;19.00;-;-
81537200729;NECTAR DE MAZANA NATURA;16.96;20.00;0.00;-;-
24000501237;NECTAR DE PERA;16.71;20.00;10.00;-;-
81537200743;NECTAR DE PIŃA NATURA;17.90;20.00;0.00;-;-
N01;NESCAFE CLASICO SOBRE;2.76;4.00;11.00;-;-
7501036623728;NEVAX RENDI;21.50;25.00;9.00;-;-
7502230945517;NIKOLO CACAHUATE;5.42;7.00;23.00;-;-
75058135;NIKOLO FRESA;5.42;8.00;11.00;-;-
7500443003260;NOKOLO GREMA Y GALLETA;5.42;7.00;22.00;-;-
766324303790;NUBE BLANCA PAPEL;21.50;25.00;0.00;-;-
NU1;NUEZ BOLSITA;7.00;10.00;3.00;-;-
7893630210054;NUTRI LETY 1L;36.14;45.00;15.00;-;-
7893630210900;NUTRY LETY 500ML;24.16;30.00;25.00;-;-
NACH01;Nachos;30.00;50.00;5.00;-;-
748757007551;Nachos Max;8.33;10.00;12.00;-;-
24000501190;Nectar De Manzana;16.70;20.00;30.00;-;-
24000501220;Nectar De Pińa;17.64;20.00;22.00;-;-
7441163700025;Nieve De Frutas;4.90;7.00;0.00;-;-
7441163700018;Nieve De Frutas;4.90;7.00;1.00;-;-
7441163700049;Nieves Amarilla;5.00;7.00;0.00;-;-
7441163700032;Nives De Fruta ROJA;4.90;7.00;0.00;-;-
7441163700056;Nives De Frutas;4.90;7.00;0.00;-;-
N07;Nougat Fresa;1.60;3.00;0.00;-;-
75024697;Nucita;2.20;4.00;2.00;-;-
7500435109338;ORAL B PASTA DENTAL CONFLUOR;34.75;38.00;6.00;-;-
7501006710403;ORAL B PASTA DENTAL MENTA REFRESCANTE;37.16;40.00;5.00;-;-
7622210110244;OREO DE VAINILLA;7.91;9.00;42.00;-;-
7590011251100;Oreo;7.45;9.00;120.00;-;-
6929309258162;PACHITAS;6.00;10.00;19.00;-;-
6929309990444;PALETA AFRO GLOWSTICK;5.26;7.00;25.00;-;-
6929309990741;PALETA ALIEN;5.38;7.00;0.00;-;-
6957342992286;PALETA AMBURGESA;5.19;7.00;14.00;-;-
6957342992637;PALETA CALAVERA;5.19;7.00;27.00;-;-
6957342992330;PALETA COOKIE LIGHT LOLLIPOP;5.09;7.00;25.00;-;-
6957342989576;PALETA DE OJO EYE BALL POP;5.18;7.00;20.00;-;-
6929309258155;PALETA DE SANDIA;5.14;7.00;17.00;-;-
6929309991472;PALETA DINOSAURIO GLOWSTICK;5.20;7.00;31.00;-;-
6929309990543;PALETA DONAS;5.19;7.00;31.00;-;-
6957342992477;PALETA HUELLAS;5.19;7.00;54.00;-;-
6929309255673;PALETA ICE CREAM;5.16;7.00;31.00;-;-
PL2;PALETA OREO COLORES;5.38;7.00;0.00;-;-
6929309990529;PALETA PIECITOS;5.19;7.00;31.00;-;-
P30;PALETA PINTA AZUL;4.16;5.00;8.00;-;-
PL;PALETA SURTIDA;1.57;2.00;24.00;-;-
6929309991434;PALETA UNICORNIO;5.16;7.00;0.00;-;-
P05;PALETON DE CAJETA;4.16;5.00;49.00;-;-
748757007353;PALITO CHILE LIMON;4.16;5.00;21.00;-;-
748757001634;PALITOS CHILE LIMON;28.00;35.00;16.00;-;-
7441107100324;PALITOS DE QUESO;28.00;35.00;0.00;-;-
748757004383;PALITOS PEQUŃO;3.33;5.00;0.00;-;-
7441001008740;PALITROKES SABOR AJO;29.92;36.00;3.00;-;-
7441001019067;PALOMITAS MANTEQUILLAS;40.38;49.00;3.00;-;-
7441001002656;PALOMITAS NATURALES;40.51;49.00;2.00;-;-
7441001020063;PALOMITAS QUESO CHEDDAR;45.40;54.00;3.00;-;-
7441029500325;PAN INTEGRAL GRANDE;73.33;88.00;2.00;-;-
7441029500431;PAN TOSTADO CLASICO;29.16;35.00;2.00;-;-
7441029500400;PAN TOSTADO CLASICO GRANDE;50.00;60.00;2.00;-;-
7441029507041;PAN TOSTADO INTEGRAL;54.16;65.00;1.00;-;-
PA1;PANES DE CAJA;20.00;35.00;7.00;-;-
7506295326458;PANTENE 2 EN 1;5.63;8.00;6.00;-;-
7500435020268;PANTENE FUERZA;5.63;8.00;6.00;-;-
7500435143738;PANTENE LISO EXTREMO;5.63;8.00;31.00;-;-
PN;PANTENE RISOS EXTREMOS;5.63;8.00;24.00;-;-
7431002100017;PAPAS GRANDE;22.00;25.00;8.00;-;-
766324304308;PAPEL HIJIENICO ROSAL;18.00;22.00;19.00;-;-
PA01;PASAS DE BOLSITAS;3.80;10.00;12.00;-;-
756956003588;PEDRITOS;2.14;5.00;10.00;-;-
7401005908538;PEPCI LATA NEGRA;18.18;22.00;18.00;-;-
7401005988813;PEPCI PEQUEŃA;7.98;10.00;1.00;-;-
677585001083;PEPSI 1/2 LITRO;14.97;20.00;38.00;-;-
677585001014;PEPSI 2L;34.99;42.00;9.00;-;-
677585008044;PEPSI 3L;53.50;63.00;7.00;-;-
7401005904011;PEPSI LATA;16.42;22.00;2.00;-;-
7401005980855;PEPSI LIGHT LATA;16.45;22.00;15.00;-;-
748757000538;PERLA GRANDE;16.99;20.00;45.00;-;-
PE1;PERMA SHARP;13.00;16.00;55.00;-;-
7406234007120;PIAZA CHOCOLATE;3.36;5.00;0.00;-;-
7406234007137;PIAZA FRESA;3.39;5.00;0.00;-;-
7406234007144;PIAZA VAINILLA;3.39;5.00;3.00;-;-
7406234007304;PIAZZA VAINILLA GRANDE;15.36;20.00;0.00;-;-
660756042589;PINDI CHOCOLATE;2.52;5.00;0.00;-;-
660756042572;PINDI FRESA;2.52;5.00;1.00;-;-
660756042565;PINDI VAINILLA;2.52;5.00;0.00;-;-
7441029519327;PINGUINO TRIPLE CHOCOLATE;24.16;29.00;2.00;-;-
PN1;PINGUINOS MINI;6.50;10.00;0.00;-;-
7441029523263;PINGUINOS NAVIDEŃOS;24.16;29.00;0.00;-;-
PIS;PISTACHOS DE BOLSITA;7.00;10.00;0.00;-;-
6971233230066;PITOS  DE PELOTA CHICLE;7.50;10.00;0.00;-;-
7441005713879;PLATANITOS DE LIMON;30.14;35.00;0.00;-;-
7441005713862;PLATANITOS SABOR AJO;31.80;35.00;1.00;-;-
7441005713848;PLATANITOS SALADOS;31.80;35.00;0.00;-;-
7441005713855;PLATANO MADURO SALADO;31.80;35.00;1.00;-;-
7431002100062;PLATANOS CON SAL;22.00;25.00;7.00;-;-
7431002100055;PLATANOS MIX;21.92;25.00;6.00;-;-
7441029522471;PLATI VOLOS;10.00;12.00;0.00;-;-
P02;PLATO DE POROPLAS -8;24.00;26.00;0.00;-;-
7441003505100;POWER MORADO;26.16;32.00;44.00;-;-
4819867254077;PRGA LOCA;3.83;5.00;0.00;-;-
7441029515282;PRINCIPE GALLETA VERDE;13.33;16.00;4.00;-;-
3808500;PRINGLES AMARILLA;20.00;30.00;0.00;-;-
38000183737;PRINGLES MORADA;38.00;50.00;0.00;-;-
38000845536;PRINGLES NARAJA;38.00;50.00;0.00;-;-
38000845512;PRINGLES ROJA;38.00;50.00;0.00;-;-
3808306;PRINGLES ROJA;20.00;30.00;12.00;-;-
38000138416;PRINGLES ROJA;90.00;110.00;1.00;-;-
38000138577;PRINGLES SALMON;90.00;110.00;0.00;-;-
38000845529;PRINGLES VERDE;38.00;50.00;1.00;-;-
38000138430;PRINGLES VERDE;90.00;110.00;0.00;-;-
3808403;PRINGLES VERDE;20.00;30.00;2.00;-;-
7441008144939;PROTECTOR DE DIA KOTEX;28.10;33.00;0.00;-;-
99176922247;PROTEX FRESH;22.00;25.00;0.00;-;-
99176922575;PROTEX LIEMPIZA PROFUNDA;22.00;25.00;0.00;-;-
748757002013;Pachanga Mix Familiar;28.00;35.00;14.00;-;-
748757007582;Pachanga Mix Pequeńa;3.30;5.00;24.00;-;-
748757005144;Pachangas Max;8.33;10.00;1.00;-;-
74323078879;Paleta Payaso Mini;16.86;24.00;23.00;-;-
P08;Paleta Tipitin 2 Corazones;1.50;3.00;0.00;-;-
P09;Paleta Tipitin Cerveza;1.50;3.00;0.00;-;-
P07;Paleta Tipitin Corazon;1.50;3.00;0.00;-;-
P13;Paleta Tipitin Sandilla;1.50;3.00;1.00;-;-
748757004390;Palitos;3.30;5.00;5.00;-;-
748757007346;Palitos;4.16;5.00;3.00;-;-
748757000248;Palitos Crujientes;28.00;35.00;23.00;-;-
750894612710;Palitos De Papa;3.32;5.00;0.00;-;-
7441029518375;Pan Blaco Monica;58.32;70.00;0.00;-;-
7441029556735;Pan Blanco Bimbo;62.50;65.00;6.00;-;-
PA3;Pan De Hamburguesa;102.49;122.00;1.00;-;-
757528022570;Pandita Acido;24.16;29.00;1.00;-;-
757528022587;Pandita Clasico;24.16;29.00;7.00;-;-
757528041298;Pandita RELLENOS;24.16;29.00;11.00;-;-
7401006712301;Panque Pasas;55.00;66.00;2.00;-;-
7401006712349;Panquecitos;29.16;35.00;9.00;-;-
750894608195;Papa Jalapeńa;3.33;5.00;3.00;-;-
750894609826;Papa Zibas Familiar;30.88;35.00;12.00;-;-
748757003003;Papas Craks;8.33;10.00;9.00;-;-
P06;Pastilla De Frutas Y De Menta;2.40;3.00;2.00;-;-
748757005908;Perla;3.30;5.00;43.00;-;-
748757006646;Picnic Chocolate;3.33;5.00;0.00;-;-
748757006639;Picnic Fresa;3.33;5.00;0.00;-;-
748757006622;Picnic Vainilla;3.33;5.00;0.00;-;-
7441029522952;Pincipe Gold;19.99;24.00;5.00;-;-
74000685;Pinguinos;24.16;29.00;1.00;-;-
748757007070;Popotitos;3.30;5.00;28.00;-;-
748757001467;Popotitos Familiar;28.00;35.00;16.00;-;-
7441003581487;Power Rojo;26.43;32.00;25.00;-;-
7441029520132;Pricipe Fresa;19.17;22.00;0.00;-;-
7441029506181;Pricipe Vainilla Blanco;19.99;24.00;3.00;-;-
7441029515268;Pricipe Vainilla Limon;19.99;24.00;14.00;-;-
7441029504613;Principe Chocolate;19.99;24.00;2.00;-;-
7432002302753;Prix Cola 2l;27.10;35.00;6.00;-;-
7432002302616;Prix Cola 500ml;10.36;15.00;1.00;-;-
748757007537;QUESITOS MAX;8.33;10.00;12.00;-;-
748757005151;QUESITOS MAX;8.33;10.00;0.00;-;-
748757000149;Quesitos Familiar;28.00;35.00;23.00;-;-
748757003805;Quesitos Pequeńo;3.30;5.00;1.00;-;-
6938241700332;RAINBOW MALBABISCO;6.60;10.00;0.00;-;-
750894612482;RANCHITAS BARBACOA;5.83;7.00;20.00;-;-
750894612741;RANCHITAS CON CHILE;3.87;7.00;23.00;-;-
750894612758;RANCHITAS NACHO GUACAMOLE;5.83;7.00;6.00;-;-
750894608379;RANCHITAS NATURALES;6.16;8.00;2.00;-;-
750894608331;RANCHITAS NATURALES FAMILIAR;41.44;47.00;0.00;-;-
750894612109;RANCHITAS PIZZA;5.83;7.00;0.00;-;-
7441029508444;RAPIDITAS CLASICAS;39.99;48.00;12.00;-;-
7406189003741;RAPTOR DE LATA;27.48;30.00;44.00;-;-
7406189005202;RAPTOR GRANDE;56.40;63.00;10.00;-;-
RT5;RASURADORA BIC;13.97;17.00;15.00;-;-
7441163400680;RECREO GALLETA;10.56;12.00;0.00;-;-
R2;REGALOS DE CHOCOLATE;40.00;50.00;0.00;-;-
81537201474;REVIVE NANRANJA;13.66;16.00;1.00;-;-
81537201511;REVIVE PONCHE DE FRUTAS;13.66;16.00;0.00;-;-
7622300124526;RITZ CON QUESO;7.90;9.00;87.00;-;-
677585001052;ROJITA 2L;34.99;42.00;10.00;-;-
677585002059;ROJITA 3L;53.50;63.00;10.00;-;-
677585002028;ROJITA 500ML;16.52;25.00;11.00;-;-
7401006712127;ROLES DE CANELA;29.16;35.00;4.00;-;-
7434001332274;ROSQUETE;30.00;40.00;55.00;-;-
7434001332229;ROSQUILLA;30.00;40.00;54.00;-;-
750894611539;ROSQUILLAS CRIOLLAS;50.17;60.00;0.00;-;-
7434001332243;ROSQUILLAS MIXTAS;30.00;40.00;54.00;-;-
750894602421;Rachitas Familiar Queso;27.00;35.00;25.00;-;-
750894612000;Ranchitas De Queso;5.82;7.00;19.00;-;-
750894606399;Ranchitas Familiar CON CHILE;27.00;35.00;0.00;-;-
750894612017;Ranchitas Nacho Exitante;5.00;7.00;22.00;-;-
7441029506709;Rapiditas Xl;52.49;63.00;0.00;-;-
7434002500108;Raptor 600mL;24.32;30.00;98.00;-;-
7406189005998;Raptor De 300mL;20.25;25.00;109.00;-;-
7891051026780;Rastrillo Prestobarba;19.13;23.00;3.00;-;-
9002490204006;Red Bull;72.82;90.00;1.00;-;-
7441107101352;Rikos;6.00;10.00;0.00;-;-
7441057267085;SABA CLAASIOCA CON ALAS;23.00;28.00;0.00;-;-
7441057267092;SABA CLASICA SIN ALAS;24.00;29.00;0.00;-;-
7501019035814;SABA NOCTURNA CON ALAS;25.00;30.00;0.00;-;-
7501019034183;SABA PROTECTOR;22.00;26.00;0.00;-;-
86581011178;SALADA SODA POZUELO;5.05;7.00;82.00;-;-
7441029520897;SALMAS DE CHIA;7.10;10.00;0.00;-;-
7411000201060;SANDWICH SPREAD  ADERESO;56.60;65.00;4.00;-;-
7441008150336;SCOTT MILL HOJAS;28.43;32.00;13.00;-;-
7441008174813;SCOTT RINDE MAX;18.31;22.00;0.00;-;-
7501056340261;SEDAL VERDE;5.72;6.00;44.00;-;-
C54;SELLOS;4.00;6.00;1.00;-;-
7441005702194;SEMILLA DE MARAŃON;111.69;130.00;0.00;-;-
S1;SEMILLA MIXTA;5.00;10.00;12.00;-;-
7410010559130;SERVILLETAS YES;16.00;19.00;2.00;-;-
677585006057;SEVEN UP 500ML;15.20;20.00;25.00;-;-
K45;SLIME DE GATO;15.00;20.00;0.00;-;-
40000424314;SNICKERS;38.32;48.00;16.00;-;-
S01;SNICKERS PEQUEŃO;4.50;6.00;1.00;-;-
753079200016;SODA;3.81;5.00;0.00;-;-
86581011079;SODA POZUELO;4.62;6.00;87.00;-;-
96619313952;SOFT Y CHEWY;9.00;15.00;10.00;-;-
6947228100010;SORPRESAS;8.00;10.00;0.00;-;-
G04;SOYA;25.00;35.00;0.00;-;-
8691720026894;SPRINTER;6.60;10.00;0.00;-;-
7441003530232;SPRITE;19.33;25.00;38.00;-;-
7441029514582;SUBMARINO VAINILLA;8.33;10.00;13.00;-;-
7441029514599;SUBMARINOS FRESA;8.33;10.00;13.00;-;-
S65;SUPER SLIME;10.00;15.00;0.00;-;-
FR;SUPERCOCO;2.50;3.00;75.00;-;-
41789001987;Sopa Maruchan CamChile;34.16;40.00;0.00;-;-
41789001956;Sopa Maruchan Camaron SIN CHILE;30.83;35.00;0.00;-;-
41789001918;Sopa Maruchan Pollo;36.02;42.00;1.00;-;-
74001200;Sponch Fresa;19.99;24.00;3.00;-;-
7441029522303;Sponch Navideńo;19.17;24.00;0.00;-;-
7441029516951;Sponch Smore;19.99;24.00;5.00;-;-
750894612604;TACO PICANTE;4.15;6.00;7.00;-;-
750894612642;TACO TORNITO CON CHILE;4.16;6.00;0.00;-;-
T55;TALCO;18.00;25.00;2.00;-;-
7431001112028;TALCO PROFIL;44.22;20.00;24.00;-;-
7401000705033;TAMPICO CITRUS PUNCH 1L;38.09;45.00;4.00;-;-
7401000705026;TAMPICO DE 480ML;19.55;22.00;47.00;-;-
7441001620355;TAPITAS DE BOLSA;37.00;45.00;1.00;-;-
750894609505;TAQUERITO CON CHILE FAMILIAR;27.78;35.00;37.00;-;-
750894612567;TAQUERITO DE QUESO;6.65;10.00;11.00;-;-
750894612574;TAQUERITO QUESO SALVAJE;5.80;8.00;0.00;-;-
750894612345;TAQUERITOS BLACK PEPPER;5.83;8.00;0.00;-;-
6929309257646;TATUAJE CON JUGUETA;8.23;10.00;26.00;-;-
T05;TE DE CANELA MANZA TE UNIDAD;3.44;5.00;6.00;-;-
T03;TE DE MANSANILLA MANZA TE UNIDAD;1.20;5.00;13.00;-;-
7501791669757;TE DE MANZANILLA GREAT VALUE;24.00;50.00;2.00;-;-
756969000031;TE DE MANZANILLA MANZA TE;30.00;50.00;0.00;-;-
T06;TE DE TILO MANZA TE UNIDAD;3.44;5.00;12.00;-;-
7406189000016;TE FRIO DE LATA;23.28;27.00;15.00;-;-
7406189009514;TE FRIO DEL MONTE BOTELLA;22.60;27.00;13.00;-;-
T07;TE VERDE UNIDAD;2.24;5.00;7.00;-;-
8858954209619;TIBURON CRESE EN AGUA;7.93;10.00;8.00;-;-
86581017699;TIPO GALLETA;5.58;7.00;0.00;-;-
7441008105206;TOALLA AMIGA SIN ALAS;20.52;25.00;5.00;-;-
5;TOBOGAN;9.50;15.00;0.00;-;-
748757005298;TOCINITOS PEQUQUEŃO;3.33;5.00;12.00;-;-
7441005710380;TOREADITOS BARBACOA;20.63;25.00;0.00;-;-
7441005710397;TOREADITOS DE LIMON;20.63;25.00;0.00;-;-
7441005712636;TOREADITOS EXPLOSIVOS;20.63;25.00;1.00;-;-
T02;TORTA DE CHOCOLATE;130.00;160.00;0.00;-;-
T01;TORTA DE RIN DE VAINILLA;130.00;160.00;0.00;-;-
7410031310307;TORTI CHIP CHILE JALAPEŃO;4.16;6.00;1.00;-;-
7410031311960;TORTI CHIP CHILE LIMON;3.98;6.00;11.00;-;-
7410031312967;TORTI CHIP CHILE LIMON GRANDE;26.35;35.00;8.00;-;-
7410031310383;TORTI CHIP LIMON;3.98;6.00;10.00;-;-
7410031311809;TORTI CHIP LIMON GRANDE;26.30;35.00;14.00;-;-
7896058200508;TORTINI DE CHOCOLATE;13.33;16.00;7.00;-;-
7431002100116;TOSTADITAS PICANTES;18.50;23.00;0.00;-;-
748757007919;TOSTECA FAMILIAR;28.00;35.00;4.00;-;-
748757005809;TOZTECA PEQUEŃA;4.10;6.00;6.00;-;-
T3;TRES LECHE;25.00;30.00;3.00;-;-
7622201801229;TRIDENT AZUL;23.30;30.00;1.00;-;-
75045623;TRIDENT AZUL PEQUEŃO;2.87;5.00;0.00;-;-
7506105606053;TRIDENT MENTA;33.90;45.00;0.00;-;-
75045685;TRIDENT PEQUEŃO MORADO;2.87;5.00;10.00;-;-
75045654;TRIDENT PEQUEŃO ROJO;2.87;5.00;13.00;-;-
75045616;TRIDENT VERDE PEQUEŃO;2.87;5.00;1.00;-;-
7622201685386;TRIDENT X;23.30;30.00;0.00;-;-
7501080953017;TROJAN FIRE ICE;63.99;70.00;11.00;-;-
660756005867;TROMPETA DE PIZZA Ç;2.49;4.00;0.00;-;-
T51;TROMPOS VOLADORES;4.50;10.00;0.00;-;-
764009462718;TROPICAL DE FRUTAS 350ML;13.58;18.00;21.00;-;-
764009048677;TROPICAL FRUTA 2.5ML;71.89;80.00;11.00;-;-
764009048684;TROPICAL MANGO 2.5L;71.89;80.00;6.00;-;-
764009000590;TROPICAL MANGO 350ML;13.58;18.00;25.00;-;-
764009048691;TROPICAL MANZANA 2.5L;71.89;80.00;5.00;-;-
764009001306;TROPICAL MANZANA 350ML;13.58;18.00;18.00;-;-
764009442710;TROPICAL TE FRIO 350ML;13.58;18.00;17.00;-;-
764009002433;TROPICAL TE FRIO DE LIMON 2.5L;63.89;80.00;5.00;-;-
764009003867;TROPICAL TE MANZANA VERDE 2.5L;63.89;80.00;5.00;-;-
764009009494;TROPICAL TE VERDE MANZANA;13.58;18.00;29.00;-;-
12546671231;TRUDENT VERDE;23.30;30.00;0.00;-;-
7861008526458;TUMIX GRANDE;0.00;10.00;1.00;-;-
7861008526465;TUMIX GRANDE VERDE;6.50;10.00;20.00;-;-
750894609437;Taco 3queso;4.14;6.00;9.00;-;-
750894612598;Taco Barbacoa;4.10;6.00;2.00;-;-
750894612611;Taco Limon;4.16;6.00;0.00;-;-
7401000707037;Tampico Citrus Punch;14.92;17.00;58.00;-;-
7407000105019;Tampico Vaso;12.26;15.00;9.00;-;-
750894609499;Taquerito Queso Familiar;27.73;35.00;0.00;-;-
750894612550;Taqueritos Chile;6.64;10.00;39.00;-;-
7406189002782;Te Frio Del Monte Caja;14.62;18.00;8.00;-;-
7501019030345;Toallas Saba MANZANILLA;34.00;40.00;0.00;-;-
748757000101;Tocinitos Familiar;28.00;35.00;8.00;-;-
7431002100123;Tostaditas;4.90;7.00;1.00;-;-
748757003706;Tosteca;5.00;6.00;14.00;-;-
81537154626;V8 COCTEL DE FRUTAS;45.00;54.00;19.00;-;-
81537154589;V8 FRESA Y KIWI;45.00;54.00;1.00;-;-
81537154596;V8 FRESA Y MORA;45.00;54.00;0.00;-;-
81537154633;V8 MANGO Y MELOCOTON;45.00;54.00;3.00;-;-
81537096872;V8 MANZANA Y PIŃA;45.00;54.00;2.00;-;-
81537154565;V8 TROPICAL;45.00;54.00;1.00;-;-
51000153159;V8 VEGETALES DE LATA;39.27;48.00;0.00;-;-
81537091174;V8 ZANAHORIA Y NARANJA;45.00;54.00;1.00;-;-
7441003560130;VALLE DE NARANJA DE 3LT;43.97;50.00;4.00;-;-
7411082300460;VASO -8;24.00;26.00;1.00;-;-
V50;VASOS POR UNIDAD;1.77;3.00;59.00;-;-
7404001753669;VIVE;17.50;25.00;24.00;-;-
7404001753676;VIVE CHOCOLATE;35.50;45.00;3.00;-;-
7404001753690;VIVE DE MENTA;32.50;40.00;0.00;-;-
7404001753706;VIVE UVA;32.50;45.00;7.00;-;-
7404001753683;VIVW FRESA;32.50;45.00;2.00;-;-
7445072001501;VOLT;15.00;18.00;0.00;-;-
7445072007640;VOLT ROJO;15.00;18.00;0.00;-;-
7441003596092;Valle De Limon;16.83;22.00;26.00;-;-
7441003560123;Valle De Naranja;16.83;22.00;7.00;-;-
7896058258431;WAFER DE CHOCOLATE;23.99;30.00;3.00;-;-
7406234003870;WAFER FRESA;5.88;7.00;0.00;-;-
7896058258448;WAFER FRESA;24.18;30.00;0.00;-;-
7406234003863;WAFWE VAINILLA;5.88;7.00;0.00;-;-
753081008945;Waffe;4.50;6.00;2.00;-;-
705805032064;YOGHURT DE  MANZANA GRANDE;64.17;70.00;8.00;-;-
705805032057;YOGHURT FRESA GRANDE;65.00;70.00;0.00;-;-
705805032040;YOGUR CIRUELA GRANDE;64.17;70.00;2.00;-;-
787003000892;YOGUR YESS  MANZANA;13.80;18.00;0.00;-;-
787003000861;YOGUR YESS FRESA;13.80;18.00;0.00;-;-
7431002100222;YUCA CON CHILE;22.00;25.00;11.00;-;-
7893630214342;YUGHURT GRANDE DE FRESA Y MORA;64.32;70.00;0.00;-;-
750894671151;YUMI NUTS MANI JAPONES;3.03;7.00;0.00;-;-
750894611645;YUMI POPS;8.33;10.00;1.00;-;-
750894602469;YUMIX TROPICAL PICOSITO;9.14;12.00;10.00;-;-
750894670925;YUMMI NUST MANI;4.16;7.00;0.00;-;-
750894671120;YUMMI NUTS CON CHILE;4.10;6.00;1.00;-;-
750894670949;YUMMI NUTS DE LIMON;4.12;6.00;0.00;-;-
750894671274;YUMMI NUTS MIEL;4.66;7.00;22.00;-;-
750894612451;YUMMI PALOMITAS MIX;8.33;10.00;6.00;-;-
YM;YUMMI POP MIX;8.33;10.00;12.00;-;-
750894612208;YUMMI POPD NACHO QUESO BLANCO;12.12;15.00;5.00;-;-
750894611768;YUMMI POPS;31.70;38.00;23.00;-;-
750894611652;YUMMI POPS AZUL;8.79;12.00;9.00;-;-
750894611782;YUMMI POPS SALSA MARINA;28.53;38.00;31.00;-;-
750894612215;YUMMI POSP NACHO JALAPEŃO;12.50;15.00;0.00;-;-
750894609734;YUMX TROPICAL PEQUQŃO;9.04;12.00;2.00;-;-
641194160394;YUPI DE FRESA;3.54;5.00;28.00;-;-
641194160349;YUPI DE UVA;3.45;5.00;33.00;-;-
641194160264;YUPI MANZANA;3.54;5.00;51.00;-;-
7441005713909;YUQUITAS CREMA Y CEBOLLA;23.47;28.00;0.00;-;-
7441005713916;YUQUITAS RANCHERA;23.47;28.00;0.00;-;-
7441005713893;YUQUITAS SALADAS;23.47;28.00;0.00;-;-
705805032149;Yogurt Ciruela;24.16;27.00;13.00;-;-
705805032156;Yogurt Fresa;24.16;27.00;1.00;-;-
705805032163;Yogurt Manzana;24.16;27.00;0.00;-;-
748757002297;Yucateca;3.30;5.00;3.00;-;-
750894609475;Yum Mix Tropical Familiar;47.35;57.00;28.00;-;-
750894609536;Yummi Mix;21.37;25.00;0.00;-;-
750894603817;Yummi Mix Pequeńo;5.45;7.00;0.00;-;-
750894600106;ZAMBOS CON CHICHARON FAMILIAR;41.71;47.00;20.00;-;-
750894602780;ZAMBOS ORIGINAL FAMILIAR;41.41;47.00;26.00;-;-
750894606528;ZAMBOS ORIGINALES;6.66;8.00;23.00;-;-
750894612659;ZAMBOS PICOSITAS;6.65;9.00;3.00;-;-
750894600267;ZAMBOS PICOSITAS FAMILIAR;41.71;47.00;20.00;-;-
750894612680;ZAMBOS PLATANO CHICHARRON;6.64;8.00;10.00;-;-
750894612666;ZAMBOS PLATANO ORIGINALES;6.66;8.00;0.00;-;-
750894612673;ZAMBOS PLATANOS CEVICHE;6.66;8.00;0.00;-;-
750894600717;ZAMBOS SALSA VERDE;41.70;47.00;24.00;-;-
750894611874;ZAMBOS YUQUITA ORIGINALES;4.10;6.00;3.00;-;-
750894609840;ZIBAS CREMA Y ESPECIAS;30.88;35.00;41.00;-;-
750894612901;ZIBAS KETCHUP;8.33;10.00;1.00;-;-
750894609741;ZIBAS MIEL MOSTAZA;8.30;10.00;4.00;-;-
750894610006;ZIBAS MIEL MOSTAZA FAMILIAR;30.91;35.00;27.00;-;-
750894601585;ZIBAS PAPA ESPECIA PEQUEŃA;8.33;10.00;2.00;-;-
750894609833;ZIBAS QUESO FAMILIAR;30.88;35.00;1.00;-;-
C52;ZORRITONES;0.85;1.00;0.00;-;-
7421001653362;ZZOPITA DE CAMARON;18.03;22.00;5.00;-;-
7421001653355;ZZOPITA DE POLLO;18.16;22.00;7.00;-;-
750894611966;Zambo Yuquita Familiar;29.18;35.00;3.00;-;-
750894611881;Zambos Yuquita Chile Toreado;4.13;6.00;19.00;-;-
750894609161;Zibas Clasica;8.33;10.00;19.00;-;-
7501000278404;paleta Payaso GRANDE;24.16;28.00;0.00;-;-
